1,1,3,-1
2,1,4,0
3,1,6,1
4,1,6,1
5,1,4,0
6,1,5,0
7,1,4,-1
8,1,4,0
9,1,4,-1
10,1,3,-1
11,1,3,-1
12,1,6,1
13,1,5,1
14,1,2,-1
15,1,2,-3
16,1,1,-3
17,1,0,-5
18,1,1,-2
19,1,2,-2
20,1,3,-1
21,1,2,-2
22,1,4,1
23,1,6,1
24,1,4,1
25,1,2,-2
26,1,1,-3
27,1,1,-4
28,1,-1,-5
29,1,-1,-5
30,1,-3,-6
31,1,-4,-9
32,2,-5,-8
33,2,-7,-11
34,2,-7,-12
35,2,-8,-10
36,2,-8,-13
37,2,-8,-12
38,2,-6,-11
39,2,-8,-18
40,2,-8,-16
41,2,-7,-15
42,2,-7,-15
43,2,-5,-15
44,2,-5,-10
45,2,-4,-11
46,2,0,-9
47,2,-1,-7
48,2,1,-6
49,2,1,-2
50,2,1,-2
51,2,2,-1
52,2,4,-3
53,2,4,-3
54,2,4,-1
55,2,6,1
56,2,11,4
57,2,7,-1
58,2,3,-2
59,2,1,-1
60,2,10,2
61,3,10,1
62,3,12,5
63,3,11,1
64,3,7,0
65,3,6,-1
66,3,6,-2
67,3,5,-2
68,3,4,-3
69,3,8,-1
70,3,9,1
71,3,10,1
72,3,9,0
73,3,12,3
74,3,12,3
75,3,13,6
76,3,16,5
77,3,17,7
78,3,18,7
79,3,15,4
80,3,15,6
81,3,17,7
82,3,20,8
83,3,19,8
84,3,20,8
85,3,19,8
86,3,15,4
87,3,15,6
88,3,18,8
89,3,15,5
90,3,13,6
91,3,13,1
92,4,9,1
93,4,14,5
94,4,18,9
95,4,21,9
96,4,23,12
97,4,22,8
98,4,13,4
99,4,9,-1
100,4,10,0
101,4,11,2
102,4,15,6
103,4,14,5
104,4,17,9
105,4,14,8
106,4,16,7
107,4,13,6
108,4,14,5
109,4,17,6
110,4,17,6
111,4,19,8
112,4,17,7
113,4,16,7
114,4,17,8
115,4,19,9
116,4,16,7
117,4,20,9
118,4,23,11
119,4,25,13
120,4,26,14
121,4,27,14
122,5,28,16
123,5,29,16
124,5,28,14
125,5,22,11
126,5,23,11
127,5,22,12
128,5,15,8
129,5,24,9
130,5,25,11
131,5,27,14
132,5,30,13
133,5,27,9
134,5,15,6
135,5,14,7
136,5,15,7
137,5,18,6
138,5,16,4
139,5,19,6
140,5,25,10
141,5,25,13
142,5,25,15
143,5,22,14
144,5,25,14
145,5,25,13
146,5,21,11
147,5,21,9
148,5,21,9
149,5,21,11
150,5,23,12
151,5,23,11
152,5,24,14
153,6,21,9
154,6,20,13
155,6,26,16
156,6,25,13
157,6,19,7
158,6,21,13
159,6,25,15
160,6,26,17
161,6,27,17
162,6,24,15
163,6,23,14
164,6,24,12
165,6,20,10
166,6,22,12
167,6,25,14
168,6,29,16
169,6,32,20
170,6,32,18
171,6,32,19
172,6,31,19
173,6,32,21
174,6,28,17
175,6,29,16
176,6,30,16
177,6,24,12
178,6,22,12
179,6,23,14
180,6,27,16
181,6,30,19
182,6,33,21
183,7,33,20
184,7,33,20
185,7,33,18
186,7,34,18
187,7,34,19
188,7,34,22
189,7,34,21
190,7,32,20
191,7,31,19
192,7,30,18
193,7,31,17
194,7,25,14
195,7,27,12
196,7,29,14
197,7,24,13
198,7,22,12
199,7,22,13
200,7,24,15
201,7,29,17
202,7,25,14
203,7,23,14
204,7,25,14
205,7,27,16
206,7,29,18
207,7,27,19
208,7,30,19
209,7,31,20
210,7,32,21
211,7,33,18
212,7,30,17
213,7,29,17
214,8,31,19
215,8,31,19
216,8,32,20
217,8,32,21
218,8,33,22
219,8,34,19
220,8,27,17
221,8,28,15
222,8,27,15
223,8,25,13
224,8,22,12
225,8,23,11
226,8,24,13
227,8,24,13
228,8,25,13
229,8,29,16
230,8,29,16
231,8,30,17
232,8,32,20
233,8,34,20
234,8,33,20
235,8,34,22
236,8,34,21
237,8,34,21
238,8,33,21
239,8,27,15
240,8,23,11
241,8,28,13
242,8,29,16
243,8,30,17
244,8,29,18
245,9,29,17
246,9,30,18
247,9,33,18
248,9,31,18
249,9,31,18
250,9,27,12
251,9,24,14
252,9,27,16
253,9,29,16
254,9,29,15
255,9,29,16
256,9,28,13
257,9,21,14
258,9,22,14
259,9,22,13
260,9,23,11
261,9,25,13
262,9,26,15
263,9,26,10
264,9,16,9
265,9,20,9
266,9,20,12
267,9,22,13
268,9,25,14
269,9,25,14
270,9,26,17
271,9,28,16
272,9,22,14
273,9,25,17
274,9,24,15
275,10,25,16
276,10,23,13
277,10,20,14
278,10,22,13
279,10,20,11
280,10,23,14
281,10,22,8
282,10,15,6
283,10,16,7
284,10,16,7
285,10,16,8
286,10,16,9
287,10,17,10
288,10,15,11
289,10,20,12
290,10,16,7
291,10,17,9
292,10,17,9
293,10,19,10
294,10,21,11
295,10,21,12
296,10,23,12
297,10,20,9
298,10,18,8
299,10,15,8
300,10,12,9
301,10,14,5
302,10,6,2
303,10,4,-1
304,10,5,1
305,10,7,2
306,11,8,5
307,11,13,5
308,11,14,9
309,11,17,12
310,11,14,5
311,11,11,3
312,11,9,5
313,11,12,6
314,11,11,4
315,11,10,5
316,11,11,7
317,11,13,9
318,11,11,5
319,11,9,2
320,11,10,3
321,11,10,3
322,11,9,4
323,11,9,6
324,11,10,4
325,11,11,3
326,11,10,4
327,11,8,4
328,11,9,3
329,11,10,3
330,11,10,4
331,11,8,4
332,11,12,6
333,11,10,7
334,11,13,3
335,11,6,0
336,12,5,1
337,12,2,-3
338,12,1,-5
339,12,3,-2
340,12,1,-3
341,12,3,-4
342,12,-1,-6
343,12,-4,-5
344,12,-3,-7
345,12,-2,-4
346,12,-1,-8
347,12,-3,-8
348,12,-3,-6
349,12,-3,-5
350,12,1,-1
351,12,4,1
352,12,2,-1
353,12,1,-1
354,12,2,-3
355,12,3,-1
356,12,1,-2
357,12,2,-3
358,12,0,-3
359,12,2,0
360,12,4,2
361,12,5,1
362,12,4,-1
363,12,5,-2
364,12,2,-2
365,12,3,0
366,12,4,-2
1,1,2,-2
2,1,2,-1
3,1,3,1
4,1,5,3
5,1,7,0
6,1,2,-2
7,1,2,-3
8,1,0,-1
9,1,1,-1
10,1,2,-1
11,1,2,-6
12,1,-1,-5
13,1,-2,-4
14,1,0,-2
15,1,1,1
16,1,1,-2
17,1,1,-3
18,1,-1,-5
19,1,-4,-6
20,1,1,-2
21,1,5,-1
22,1,0,-5
23,1,0,-3
24,1,0,-3
25,1,-2,-6
26,1,-3,-6
27,1,-3,-4
28,1,0,-7
29,1,1,-1
30,1,4,2
31,1,5,2
32,2,7,2
33,2,7,-2
34,2,1,-2
35,2,1,-2
36,2,4,0
37,2,3,-2
38,2,1,-4
39,2,2,-2
40,2,0,-2
41,2,-1,-6
42,2,-1,-6
43,2,1,-1
44,2,1,-2
45,2,1,-2
46,2,3,-1
47,2,2,0
48,2,3,0
49,2,3,-2
50,2,3,-2
51,2,1,-3
52,2,1,-2
53,2,0,-1
54,2,2,1
55,2,4,3
56,2,6,2
57,2,11,3
58,2,9,2
59,2,12,3
60,3,7,-1
61,3,7,0
62,3,8,0
63,3,10,1
64,3,8,2
65,3,12,8
66,3,11,6
67,3,15,7
68,3,13,7
69,3,13,6
70,3,14,5
71,3,13,7
72,3,12,6
73,3,5,-4
74,3,-1,-8
75,3,1,-3
76,3,2,-2
77,3,2,2
78,3,7,2
79,3,12,6
80,3,8,-1
81,3,6,-1
82,3,4,-4
83,3,2,-3
84,3,1,-3
85,3,0,-2
86,3,3,-1
87,3,4,1
88,3,2,1
89,3,3,1
90,3,11,-1
91,4,7,1
92,4,6,4
93,4,7,3
94,4,7,2
95,4,9,6
96,4,11,4
97,4,10,2
98,4,12,5
99,4,11,6
100,4,14,5
101,4,17,9
102,4,16,8
103,4,16,7
104,4,17,8
105,4,20,8
106,4,19,7
107,4,20,8
108,4,24,11
109,4,22,8
110,4,23,9
111,4,21,8
112,4,22,9
113,4,21,11
114,4,23,11
115,4,25,14
116,4,26,14
117,4,24,14
118,4,23,13
119,4,26,15
120,4,28,15
121,5,28,13
122,5,28,16
123,5,25,11
124,5,23,13
125,5,25,14
126,5,25,16
127,5,25,15
128,5,26,13
129,5,25,14
130,5,25,13
131,5,25,12
132,5,19,10
133,5,18,7
134,5,21,8
135,5,22,12
136,5,24,14
137,5,22,13
138,5,22,13
139,5,27,11
140,5,22,9
141,5,21,12
142,5,20,9
143,5,16,8
144,5,20,9
145,5,18,8
146,5,18,6
147,5,14,8
148,5,20,9
149,5,25,15
150,5,18,7
151,5,18,6
152,6,19,9
153,6,19,10
154,6,20,9
155,6,20,11
156,6,20,12
157,6,22,14
158,6,26,14
159,6,29,15
160,6,27,17
161,6,27,13
162,6,21,12
163,6,24,12
164,6,28,15
165,6,28,15
166,6,30,16
167,6,31,18
168,6,33,20
169,6,36,22
170,6,36,21
171,6,35,21
172,6,34,19
173,6,34,19
174,6,30,16
175,6,25,13
176,6,20,9
177,6,19,11
178,6,23,10
179,6,24,12
180,6,24,11
181,6,24,10
182,7,25,11
183,7,29,13
184,7,29,16
185,7,32,17
186,7,31,18
187,7,32,18
188,7,31,17
189,7,31,17
190,7,31,16
191,7,33,18
192,7,29,12
193,7,25,13
194,7,27,14
195,7,29,16
196,7,27,12
197,7,28,13
198,7,32,17
199,7,33,18
200,7,32,18
201,7,30,14
202,7,30,15
203,7,31,16
204,7,32,16
205,7,33,15
206,7,31,18
207,7,33,18
208,7,36,21
209,7,37,23
210,7,39,18
211,7,29,17
212,8,39,21
213,8,37,19
214,8,38,21
215,8,38,21
216,8,37,23
217,8,39,22
218,8,38,20
219,8,28,14
220,8,30,17
221,8,31,17
222,8,33,17
223,8,21,11
224,8,28,13
225,8,33,14
226,8,34,18
227,8,36,19
228,8,36,18
229,8,33,17
230,8,30,14
231,8,31,14
232,8,32,16
233,8,31,18
234,8,28,16
235,8,28,14
236,8,28,16
237,8,27,15
238,8,26,14
239,8,27,14
240,8,28,15
241,9,26,11
242,9,23,15
243,9,24,11
244,9,27,11
245,9,28,12
246,9,28,12
247,9,31,14
248,9,29,14
249,9,20,11
250,9,26,14
251,9,21,13
252,9,22,10
253,9,19,10
254,9,15,11
255,9,25,13
256,9,25,15
257,9,14,6
258,9,17,11
259,9,18,8
260,9,19,10
261,9,20,8
262,9,21,12
263,9,21,12
264,9,24,13
265,9,26,9
266,9,19,7
267,9,20,8
268,9,17,9
269,9,14,9
270,10,19,5
271,10,15,3
272,10,15,3
273,10,15,3
274,10,15,3
275,10,18,7
276,10,21,6
277,10,22,8
278,10,18,11
279,10,19,11
280,10,21,11
281,10,23,13
282,10,24,10
283,10,22,13
284,10,20,11
285,10,13,7
286,10,16,8
287,10,15,8
288,10,15,7
289,10,19,10
290,10,22,14
291,10,22,14
292,10,24,14
293,10,23,13
294,10,23,14
295,10,24,14
296,10,22,13
297,10,21,12
298,10,18,11
299,10,19,8
300,10,17,7
301,11,16,9
302,11,19,11
303,11,17,9
304,11,14,10
305,11,14,6
306,11,13,8
307,11,17,9
308,11,16,11
309,11,17,10
310,11,13,7
311,11,10,5
312,11,12,5
313,11,10,6
314,11,10,5
315,11,12,4
316,11,14,5
317,11,13,5
318,11,9,3
319,11,10,5
320,11,9,4
321,11,10,4
322,11,11,7
323,11,12,6
324,11,9,3
325,11,3,-2
326,11,4,-2
327,11,4,-2
328,11,3,-2
329,11,6,-1
330,11,6,0
331,12,6,-1
332,12,8,-1
333,12,4,-2
334,12,3,-1
335,12,5,-1
336,12,4,-1
337,12,3,-1
338,12,4,0
339,12,6,2
340,12,4,-1
341,12,4,0
342,12,7,2
343,12,7,-2
344,12,6,0
345,12,4,-1
346,12,5,-1
347,12,4,-3
348,12,4,-3
349,12,0,-3
350,12,3,-2
351,12,4,-2
352,12,3,-1
353,12,5,0
354,12,6,0
355,12,7,1
356,12,6,3
357,12,8,2
358,12,9,3
359,12,8,3
360,12,8,1
361,12,5,0
1,1,5,-1
2,1,4,0
3,1,8,2
4,1,8,4
5,1,11,5
6,1,9,3
7,1,9,4
8,1,9,3
9,1,9,2
10,1,9,2
11,1,8,4
12,1,7,0
13,1,7,1
14,1,6,1
15,1,6,0
16,1,7,0
17,1,10,5
18,1,9,6
19,1,10,6
20,1,10,6
21,1,9,4
22,1,6,0
23,1,4,-1
24,1,1,-1
25,1,0,-6
26,1,-4,-8
27,1,-4,-9
28,1,-1,-4
29,1,-2,-6
30,1,0,-4
31,1,-1,-4
32,2,-1,-4
33,2,2,-3
34,2,2,-3
35,2,0,-5
36,2,0,-3
37,2,3,-1
38,2,4,1
39,2,7,2
40,2,7,2
41,2,7,4
42,2,8,3
43,2,11,2
44,2,7,2
45,2,6,2
46,2,7,2
47,2,10,5
48,2,9,2
49,2,10,4
50,2,11,4
51,2,12,4
52,2,9,6
53,2,9,4
54,2,12,3
55,2,10,3
56,2,11,4
57,2,12,4
58,2,13,5
59,2,10,3
60,3,11,3
61,3,13,4
62,3,11,6
63,3,13,5
64,3,14,7
65,3,14,5
66,3,13,6
67,3,15,5
68,3,13,4
69,3,12,4
70,3,18,7
71,3,17,6
72,3,20,8
73,3,19,9
74,3,17,5
75,3,14,8
76,3,14,6
77,3,18,11
78,3,15,7
79,3,20,8
80,3,19,9
81,3,20,10
82,3,20,10
83,3,10,3
84,3,13,4
85,3,15,5
86,3,17,6
87,3,20,8
88,3,20,6
89,3,22,7
90,3,22,9
91,4,21,8
92,4,20,8
93,4,21,9
94,4,24,13
95,4,21,10
96,4,21,11
97,4,24,11
98,4,23,11
99,4,15,5
100,4,13,4
101,4,17,5
102,4,19,7
103,4,19,7
104,4,19,3
105,4,13,2
106,4,14,3
107,4,15,6
108,4,22,10
109,4,21,8
110,4,17,8
111,4,22,10
112,4,23,11
113,4,26,13
114,4,25,12
115,4,23,13
116,4,23,9
117,4,23,9
118,4,26,12
119,4,25,11
120,4,25,11
121,5,27,11
122,5,26,11
123,5,24,8
124,5,17,5
125,5,19,6
126,5,20,8
127,5,24,12
128,5,23,10
129,5,26,13
130,5,23,12
131,5,25,9
132,5,19,8
133,5,17,8
134,5,15,6
135,5,12,9
136,5,18,7
137,5,20,9
138,5,18,9
139,5,24,12
140,5,27,13
141,5,29,16
142,5,29,17
143,5,30,16
144,5,31,15
145,5,32,16
146,5,29,15
147,5,28,13
148,5,23,11
149,5,22,11
150,5,16,6
151,5,21,12
152,6,24,11
153,6,22,8
154,6,25,10
155,6,26,11
156,6,29,15
157,6,30,14
158,6,32,16
159,6,34,17
160,6,36,19
161,6,37,18
162,6,36,16
163,6,34,17
164,6,28,13
165,6,26,11
166,6,30,11
167,6,27,13
168,6,28,13
169,6,29,12
170,6,29,14
171,6,24,10
172,6,25,10
173,6,27,12
174,6,29,14
175,6,29,14
176,6,20,10
177,6,27,10
178,6,30,13
179,6,29,15
180,6,32,15
181,6,22,11
182,7,27,12
183,7,30,15
184,7,28,13
185,7,31,14
186,7,32,17
187,7,34,19
188,7,36,20
189,7,33,16
190,7,27,12
191,7,30,15
192,7,26,15
193,7,29,15
194,7,29,15
195,7,32,18
196,7,34,18
197,7,33,18
198,7,34,18
199,7,32,19
200,7,36,19
201,7,35,20
202,7,35,19
203,7,27,18
204,7,27,15
205,7,30,17
206,7,33,18
207,7,33,18
208,7,35,19
209,7,30,18
210,7,31,18
211,7,33,20
212,7,30,20
213,8,35,19
214,8,35,19
215,8,34,20
216,8,34,20
217,8,31,18
218,8,31,18
219,8,30,18
220,8,31,18
221,8,32,19
222,8,33,21
223,8,33,17
224,8,31,18
225,8,34,15
226,8,23,13
227,8,29,13
228,8,24,12
229,8,26,13
230,8,28,16
231,8,28,16
232,8,28,15
233,8,23,11
234,8,27,13
235,8,27,14
236,8,23,10
237,8,24,13
238,8,26,17
239,8,23,11
240,8,26,13
241,8,27,13
242,8,30,14
243,8,29,16
244,9,28,16
245,9,25,16
246,9,28,17
247,9,29,17
248,9,28,16
249,9,28,17
250,9,29,17
251,9,29,17
252,9,29,18
253,9,22,15
254,9,22,15
255,9,20,14
256,9,24,16
257,9,21,15
258,9,20,13
259,9,24,13
260,9,26,14
261,9,25,13
262,9,21,13
263,9,27,16
264,9,26,16
265,9,18,8
266,9,17,8
267,9,18,8
268,9,19,9
269,9,20,10
270,9,20,11
271,9,25,13
272,9,24,12
273,9,24,12
274,10,23,15
275,10,23,12
276,10,20,12
277,10,20,12
278,10,20,10
279,10,19,10
280,10,19,10
281,10,17,11
282,10,22,12
283,10,25,14
284,10,25,14
285,10,26,15
286,10,25,16
287,10,25,13
288,10,18,13
289,10,22,14
290,10,19,10
291,10,21,13
292,10,19,10
293,10,22,14
294,10,18,12
295,10,9,5
296,10,12,7
297,10,10,6
298,10,14,5
299,10,13,4
300,10,15,5
301,10,16,3
302,10,12,3
303,10,12,6
304,10,13,4
305,11,14,5
306,11,13,5
307,11,12,5
308,11,15,7
309,11,16,8
310,11,16,10
311,11,17,11
312,11,18,10
313,11,17,9
314,11,17,10
315,11,16,8
316,11,13,9
317,11,15,8
318,11,15,7
319,11,13,6
320,11,10,7
321,11,10,7
322,11,10,6
323,11,10,4
324,11,9,3
325,11,9,2
326,11,8,1
327,11,8,1
328,11,6,2
329,11,6,1
330,11,5,-1
331,11,4,-5
332,11,2,1
333,11,2,1
334,11,3,0
335,12,2,0
336,12,2,1
337,12,6,2
338,12,7,1
339,12,7,4
340,12,8,4
341,12,6,3
342,12,5,0
343,12,4,-1
344,12,4,0
345,12,5,-5
346,12,6,-4
347,12,7,-2
348,12,8,4
349,12,8,3
350,12,7,2
351,12,8,3
352,12,9,-1
353,12,11,5
354,12,9,2
355,12,6,2
356,12,9,4
357,12,11,4
358,12,10,3
359,12,9,2
360,12,4,-2
361,12,2,-3
362,12,0,-5
363,12,-2,-8
364,12,-5,-10
365,12,-4,-9
1,1,-3,-13
2,1,1,-7
3,1,4,-1
4,1,3,-3
5,1,3,-4
6,1,3,-6
7,1,-4,-7
8,1,-1,-4
9,1,4,-3
10,1,12,8
11,1,6,1
12,1,5,0
13,1,7,-5
14,1,6,1
15,1,6,0
16,1,6,1
17,1,7,1
18,1,9,4
19,1,7,3
20,1,6,3
21,1,8,4
22,1,7,4
23,1,9,2
24,1,6,0
25,1,3,-2
26,1,2,-1
27,1,1,-3
28,1,2,-3
29,1,1,-2
30,1,6,-1
31,1,2,-1
32,2,1,-8
33,2,2,-3
34,2,3,-2
35,2,2,-1
36,2,3,-1
37,2,3,-4
38,2,1,-3
39,2,2,-4
40,2,1,-2
41,2,5,1
42,2,5,-1
43,2,6,1
44,2,6,1
45,2,7,2
46,2,7,2
47,2,6,-1
48,2,4,-1
49,2,6,-1
50,2,5,0
51,2,7,1
52,2,10,2
53,2,9,5
54,2,9,4
55,2,12,5
56,2,10,5
57,2,8,5
58,2,10,5
59,2,10,3
60,3,11,5
61,3,14,3
62,3,8,2
63,3,10,3
64,3,8,1
65,3,8,0
66,3,12,2
67,3,10,3
68,3,13,5
69,3,15,5
70,3,14,5
71,3,10,4
72,3,10,4
73,3,14,7
74,3,14,7
75,3,14,3
76,3,11,2
77,3,11,5
78,3,13,4
79,3,14,6
80,3,14,3
81,3,14,5
82,3,15,7
83,3,17,9
84,3,20,10
85,3,14,8
86,3,12,3
87,3,13,8
88,3,12,3
89,3,12,6
90,4,9,3
91,4,9,1
92,4,9,1
93,4,12,2
94,4,11,1
95,4,10,3
96,4,12,2
97,4,14,5
98,4,17,5
99,4,18,8
100,4,21,10
101,4,21,9
102,4,21,7
103,4,14,8
104,4,23,12
105,4,26,11
106,4,24,10
107,4,14,3
108,4,14,5
109,4,16,5
110,4,17,7
111,4,20,8
112,4,21,9
113,4,23,11
114,4,23,12
115,4,22,11
116,4,24,13
117,4,18,8
118,4,20,7
119,4,19,9
120,5,20,13
121,5,21,11
122,5,19,12
123,5,28,15
124,5,29,17
125,5,29,14
126,5,25,12
127,5,25,12
128,5,26,14
129,5,22,8
130,5,23,9
131,5,25,13
132,5,25,13
133,5,23,9
134,5,19,11
135,5,25,12
136,5,22,9
137,5,25,13
138,5,30,14
139,5,31,11
140,5,22,14
141,5,23,13
142,5,22,13
143,5,27,13
144,5,25,15
145,5,21,11
146,5,20,10
147,5,21,10
148,5,26,12
149,5,27,15
150,5,28,15
151,6,30,16
152,6,32,18
153,6,32,20
154,6,32,15
155,6,27,15
156,6,33,18
157,6,32,18
158,6,32,18
159,6,31,18
160,6,32,18
161,6,32,18
162,6,32,20
163,6,32,19
164,6,33,20
165,6,31,17
166,6,28,16
167,6,22,12
168,6,25,14
169,6,25,11
170,6,24,10
171,6,23,11
172,6,26,14
173,6,20,12
174,6,23,12
175,6,26,13
176,6,27,15
177,6,28,16
178,6,26,15
179,6,28,15
180,6,30,16
181,7,31,17
182,7,31,17
183,7,31,18
184,7,34,21
185,7,36,22
186,7,37,20
187,7,37,24
188,7,38,17
189,7,27,13
190,7,25,13
191,7,28,14
192,7,32,20
193,7,30,18
194,7,28,17
195,7,30,18
196,7,35,21
197,7,37,23
198,7,39,23
199,7,39,26
200,7,33,21
201,7,36,24
202,7,39,24
203,7,39,22
204,7,37,24
205,7,36,18
206,7,25,17
207,7,30,17
208,7,23,19
209,7,25,16
210,7,20,14
211,7,27,13
212,8,32,17
213,8,30,19
214,8,35,22
215,8,35,22
216,8,36,23
217,8,37,24
218,8,36,24
219,8,38,24
220,8,38,23
221,8,36,23
222,8,37,23
223,8,39,24
224,8,38,24
225,8,36,22
226,8,38,24
227,8,37,20
228,8,27,17
229,8,25,16
230,8,23,15
231,8,24,15
232,8,25,16
233,8,23,15
234,8,27,17
235,8,30,20
236,8,26,16
237,8,32,20
238,8,33,21
239,8,35,24
240,8,38,23
241,8,37,25
242,8,38,24
243,9,36,21
244,9,32,18
245,9,32,19
246,9,28,18
247,9,20,12
248,9,21,11
249,9,19,10
250,9,21,11
251,9,22,12
252,9,22,13
253,9,17,11
254,9,26,15
255,9,26,15
256,9,30,18
257,9,31,20
258,9,32,23
259,9,34,19
260,9,34,19
261,9,29,17
262,9,23,12
263,9,22,13
264,9,24,15
265,9,28,14
266,9,28,16
267,9,20,15
268,9,17,12
269,9,20,10
270,9,18,12
271,9,18,9
272,9,17,8
273,10,20,11
274,10,22,13
275,10,22,14
276,10,24,14
277,10,22,13
278,10,23,15
279,10,22,11
280,10,18,12
281,10,18,12
282,10,16,10
283,10,11,6
284,10,11,5
285,10,12,4
286,10,13,10
287,10,15,11
288,10,17,10
289,10,17,9
290,10,16,11
291,10,14,8
292,10,12,5
293,10,13,6
294,10,14,7
295,10,15,8
296,10,15,8
297,10,15,9
298,10,15,7
299,10,14,7
300,10,15,7
301,10,14,5
302,10,15,8
303,10,17,8
304,11,16,3
305,11,13,3
306,11,13,4
307,11,13,3
308,11,15,7
309,11,15,7
310,11,15,10
311,11,18,9
312,11,18,11
313,11,18,12
314,11,19,12
315,11,18,10
316,11,14,8
317,11,12,6
318,11,10,4
319,11,16,10
320,11,17,5
321,11,19,9
322,11,17,9
323,11,15,12
324,11,9,3
325,11,6,1
326,11,6,1
327,11,6,0
328,11,5,0
329,11,5,-5
330,11,5,1
331,11,3,1
332,11,5,2
333,11,10,3
334,12,11,5
335,12,11,6
336,12,13,3
337,12,9,0
338,12,9,4
339,12,10,4
340,12,9,3
341,12,7,1
342,12,6,2
343,12,7,2
344,12,7,1
345,12,8,2
346,12,7,1
347,12,6,0
348,12,5,1
349,12,8,2
350,12,4,0
351,12,5,-6
352,12,5,2
353,12,5,1
354,12,7,4
355,12,10,5
356,12,10,3
357,12,8,2
358,12,9,4
359,12,11,5
360,12,12,5
361,12,11,3
362,12,8,-1
363,12,2,-4
364,12,2,-4
1,1,-1,-4
2,1,-2,-7
3,1,-4,-7
4,1,-6,-8
5,1,-3,-9
6,1,0,-8
7,1,1,-5
8,1,2,-9
9,1,2,0
10,1,4,1
11,1,10,3
12,1,6,2
13,1,6,1
14,1,5,-1
15,1,2,-2
16,1,4,-3
17,1,1,-4
18,1,2,-4
19,1,1,-5
20,1,0,-4
21,1,1,-4
22,1,3,-3
23,1,-1,-5
24,1,2,-1
25,1,3,0
26,1,5,2
27,1,9,3
28,1,9,3
29,1,8,3
30,1,9,2
31,1,9,4
32,2,11,-2
33,2,12,4
34,2,9,2
35,2,6,1
36,2,6,1
37,2,7,1
38,2,8,4
39,2,9,6
40,2,13,8
41,2,9,3
42,2,7,2
43,2,8,1
44,2,6,2
45,2,10,4
46,2,8,3
47,2,8,3
48,2,11,7
49,2,12,7
50,2,8,2
51,2,7,-3
52,2,11,7
53,2,14,8
54,2,13,7
55,2,8,1
56,2,7,-2
57,2,7,0
58,2,7,-2
59,2,12,7
60,2,13,8
61,3,10,2
62,3,10,4
63,3,9,4
64,3,13,3
65,3,13,7
66,3,13,6
67,3,11,5
68,3,12,3
69,3,13,5
70,3,14,8
71,3,14,6
72,3,12,6
73,3,13,2
74,3,10,3
75,3,6,3
76,3,10,5
77,3,13,5
78,3,13,5
79,3,11,2
80,3,13,5
81,3,12,4
82,3,12,4
83,3,11,5
84,3,12,3
85,3,11,6
86,3,13,6
87,3,14,5
88,3,14,8
89,3,16,6
90,3,19,10
91,3,21,12
92,4,22,9
93,4,15,6
94,4,21,12
95,4,24,12
96,4,25,13
97,4,24,12
98,4,25,14
99,4,23,14
100,4,20,12
101,4,19,11
102,4,20,12
103,4,22,12
104,4,23,11
105,4,17,8
106,4,20,10
107,4,23,12
108,4,25,12
109,4,23,9
110,4,19,7
111,4,15,7
112,4,20,10
113,4,22,9
114,4,21,11
115,4,11,4
116,4,12,2
117,4,15,6
118,4,13,2
119,4,16,8
120,4,20,10
121,4,21,10
122,5,20,11
123,5,22,12
124,5,20,11
125,5,21,10
126,5,23,10
127,5,24,11
128,5,21,11
129,5,21,9
130,5,23,10
131,5,23,12
132,5,21,12
133,5,20,11
134,5,21,10
135,5,20,10
136,5,15,5
137,5,15,5
138,5,16,7
139,5,20,8
140,5,21,11
141,5,24,12
142,5,26,13
143,5,26,15
144,5,28,14
145,5,22,12
146,5,24,13
147,5,26,14
148,5,29,15
149,5,29,17
150,5,29,17
151,5,26,13
152,5,25,12
153,6,26,14
154,6,24,12
155,6,28,15
156,6,28,15
157,6,28,15
158,6,28,12
159,6,24,11
160,6,25,12
161,6,26,14
162,6,24,14
163,6,26,15
164,6,21,15
165,6,27,14
166,6,25,14
167,6,23,13
168,6,30,20
169,6,28,14
170,6,30,15
171,6,30,16
172,6,27,15
173,6,30,17
174,6,33,20
175,6,35,22
176,6,35,22
177,6,35,21
178,6,34,21
179,6,29,15
180,6,27,16
181,6,32,19
182,6,32,18
183,7,33,20
184,7,34,18
185,7,28,15
186,7,27,15
187,7,30,18
188,7,26,13
189,7,24,12
190,7,30,17
191,7,29,15
192,7,32,18
193,7,35,19
194,7,35,20
195,7,33,16
196,7,23,14
197,7,26,14
198,7,18,14
199,7,19,15
200,7,27,15
201,7,27,16
202,7,29,17
203,7,30,18
204,7,33,19
205,7,33,21
206,7,33,21
207,7,34,22
208,7,34,22
209,7,34,21
210,7,31,19
211,7,32,20
212,7,33,19
213,7,34,20
214,8,29,16
215,8,29,17
216,8,29,18
217,8,34,20
218,8,36,16
219,8,30,16
220,8,29,16
221,8,32,18
222,8,34,16
223,8,27,10
224,8,23,12
225,8,25,12
226,8,27,16
227,8,31,18
228,8,31,16
229,8,29,17
230,8,28,14
231,8,29,16
232,8,32,18
233,8,33,20
234,8,31,17
235,8,19,14
236,8,29,16
237,8,30,17
238,8,28,17
239,8,32,18
240,8,34,20
241,8,35,20
242,8,35,20
243,8,31,17
244,8,29,15
245,9,32,17
246,9,30,16
247,9,31,17
248,9,32,18
249,9,22,13
250,9,25,16
251,9,30,19
252,9,31,19
253,9,32,20
254,9,33,19
255,9,33,20
256,9,32,20
257,9,32,18
258,9,31,17
259,9,31,17
260,9,31,19
261,9,27,14
262,9,26,16
263,9,26,13
264,9,23,14
265,9,20,10
266,9,20,9
267,9,21,11
268,9,24,13
269,9,23,11
270,9,23,12
271,9,24,14
272,9,25,14
273,9,26,14
274,9,26,13
275,10,25,14
276,10,25,13
277,10,20,11
278,10,15,6
279,10,12,7
280,10,11,4
281,10,14,5
282,10,14,5
283,10,15,6
284,10,16,8
285,10,15,5
286,10,14,11
287,10,17,9
288,10,17,10
289,10,17,10
290,10,19,9
291,10,14,8
292,10,12,6
293,10,13,5
294,10,12,9
295,10,11,8
296,10,14,6
297,10,14,4
298,10,17,12
299,10,19,11
300,10,14,9
301,10,12,7
302,10,13,6
303,10,15,6
304,10,12,4
305,10,10,3
306,11,13,5
307,11,15,5
308,11,10,1
309,11,10,2
310,11,9,1
311,11,15,7
312,11,10,4
313,11,8,4
314,11,8,1
315,11,6,-1
316,11,9,3
317,11,6,0
318,11,5,0
319,11,6,1
320,11,6,-1
321,11,4,1
322,11,7,2
323,11,12,3
324,11,11,8
325,11,13,6
326,11,12,5
327,11,11,5
328,11,10,5
329,11,9,4
330,11,10,4
331,11,11,4
332,11,10,-1
333,11,4,-1
334,11,3,-2
335,11,4,-5
336,12,6,-2
337,12,7,-1
338,12,5,-2
339,12,4,-2
340,12,4,-2
341,12,4,-2
342,12,5,-3
343,12,4,0
344,12,7,1
345,12,8,3
346,12,9,3
347,12,8,-1
348,12,3,-3
349,12,3,-7
350,12,3,-6
351,12,5,-4
352,12,2,-2
353,12,0,-8
354,12,1,-9
355,12,3,-3
356,12,1,-12
357,12,3,-12
358,12,2,-4
359,12,0,-12
360,12,5,-1
361,12,10,3
362,12,6,-1
363,12,4,-2
364,12,3,-3
365,12,3,-4
366,12,4,-5
1,1,4,-5
2,1,3,-2
3,1,2,-3
4,1,2,-2
5,1,0,-8
6,1,-7,-13
7,1,-8,-13
8,1,-7,-17
9,1,-4,-11
10,1,-6,-11
11,1,-4,-9
12,1,3,-8
13,1,2,-3
14,1,1,-3
15,1,0,-7
16,1,-3,-7
17,1,-1,-8
18,1,-2,-10
19,1,-2,-12
20,1,-1,-10
21,1,0,-9
22,1,-1,-9
23,1,-1,-8
24,1,0,-7
25,1,0,-6
26,1,0,-9
27,1,-1,-10
28,1,-2,-10
29,1,2,-8
30,1,0,-8
31,1,-2,-12
32,2,2,-1
33,2,3,2
34,2,7,3
35,2,8,3
36,2,7,2
37,2,6,2
38,2,4,-1
39,2,3,0
40,2,4,-1
41,2,3,-1
42,2,4,-1
43,2,5,-1
44,2,6,-1
45,2,7,1
46,2,10,3
47,2,8,0
48,2,7,0
49,2,7,1
50,2,7,0
51,2,8,2
52,2,8,3
53,2,11,2
54,2,14,4
55,2,9,2
56,2,7,1
57,2,8,2
58,2,12,7
59,2,15,6
60,3,11,4
61,3,12,6
62,3,12,3
63,3,15,4
64,3,13,5
65,3,11,4
66,3,9,6
67,3,12,5
68,3,12,3
69,3,9,3
70,3,10,4
71,3,9,2
72,3,12,3
73,3,11,2
74,3,13,4
75,3,13,3
76,3,13,7
77,3,11,7
78,3,11,7
79,3,16,9
80,3,20,10
81,3,21,11
82,3,21,10
83,3,21,7
84,3,15,5
85,3,12,3
86,3,15,6
87,3,18,8
88,3,19,9
89,3,19,8
90,3,19,10
91,4,20,9
92,4,24,11
93,4,24,11
94,4,22,10
95,4,17,10
96,4,11,4
97,4,11,2
98,4,17,8
99,4,18,8
100,4,19,10
101,4,15,5
102,4,16,9
103,4,17,6
104,4,15,6
105,4,17,9
106,4,14,5
107,4,15,5
108,4,12,3
109,4,7,3
110,4,8,0
111,4,11,4
112,4,13,4
113,4,12,2
114,4,14,6
115,4,20,9
116,4,20,12
117,4,22,13
118,4,18,6
119,4,15,7
120,4,17,7
121,5,20,11
122,5,22,11
123,5,22,12
124,5,23,10
125,5,22,10
126,5,23,12
127,5,21,9
128,5,19,8
129,5,14,6
130,5,15,6
131,5,21,12
132,5,23,13
133,5,23,13
134,5,25,11
135,5,25,14
136,5,25,12
137,5,25,13
138,5,26,14
139,5,26,13
140,5,24,13
141,5,24,12
142,5,26,16
143,5,26,14
144,5,21,9
145,5,20,10
146,5,23,12
147,5,26,13
148,5,26,14
149,5,27,14
150,5,29,17
151,5,30,17
152,6,27,13
153,6,29,14
154,6,30,16
155,6,30,16
156,6,28,17
157,6,31,18
158,6,23,16
159,6,25,14
160,6,27,12
161,6,27,14
162,6,28,12
163,6,30,13
164,6,28,18
165,6,26,15
166,6,27,14
167,6,24,13
168,6,21,14
169,6,27,14
170,6,29,16
171,6,32,15
172,6,33,17
173,6,34,18
174,6,32,20
175,6,32,18
176,6,30,20
177,6,30,18
178,6,31,16
179,6,33,19
180,6,28,17
181,6,29,18
182,7,26,15
183,7,25,15
184,7,25,16
185,7,27,12
186,7,30,17
187,7,30,17
188,7,28,17
189,7,32,16
190,7,30,18
191,7,36,20
192,7,31.48,22.16
193,7,32.14,19.55
194,7,24.78,17.3
195,7,24.71,14.39
196,7,24.83,15.19
197,7,25.43,14.36
198,7,29.02,16.6
199,7,31.16,19.56
200,7,33.04,17.75
201,7,34.84,18.64
202,7,33.28,22.94
203,7,34.21,21.52
204,7,33.89,21.58
205,7,30.87,21.92
206,7,22.1,15.1
207,7,20.7,13.2
208,7,20.7,12.8
209,7,23.1,15.9
210,7,26.4,16
211,7,27.9,16.4
212,7,30,18.3
213,8,31.7,20.8
214,8,34.7,23.4
215,8,34.6,20.5
216,8,36.8,22.6
217,8,33.8,24.9
218,8,32.7,23.1
219,8,23.7,16.6
220,8,29.2,13.7
221,8,29.3,18.2
222,8,36.1,22.9
223,8,34.3,22.4
224,8,23.5,19.9
225,8,26.4,17.1
226,8,25.2,12.7
227,8,27.4,14.9
228,8,28,14.6
229,8,30.8,16.3
230,8,32.9,18
231,8,32.7,20.5
232,8,20.9,14.7
233,8,23.4,13.1
234,8,22.5,10.7
235,8,23.7,10.8
236,8,26.3,9.1
237,8,29.5,14.1
238,8,30.2,16.4
239,8,32.2,18.3
240,8,25.3,17
241,8,25.7,14.7
242,8,28,12.1
243,8,28.5,12.8
244,9,31,15.8
245,9,22.2,16
246,9,20.2,15.1
247,9,18.9,12.1
248,9,21.6,9.6
249,9,22.2,10.4
250,9,19.5,12.6
251,9,21.4,8.7
252,9,24.5,11.3
253,9,26,13.8
254,9,26.1,18.6
255,9,20.1,14.3
256,9,22,12.6
257,9,22.7,12.6
258,9,17.3,12.2
259,9,19.1,13
260,9,16.6,9.4
261,9,17.3,10.3
262,9,14.8,11.3
263,9,16.3,12.5
264,9,13.8,12.2
265,9,17,10.5
266,9,13,10.4
267,9,16.7,9.2
268,9,16.9,10.9
269,9,20.9,7.8
270,9,16.7,12.1
271,9,16.6,8
272,9,16.8,5.5
273,9,16.9,4.3
274,10,16.2,4.7
275,10,17,3.1
276,10,15.6,4.9
277,10,16.1,10.1
278,10,19.6,10.5
279,10,14.9,10.5
280,10,14.8,8.3
281,10,14.8,6.8
282,10,13.6,9.1
283,10,16,8.2
284,10,17.8,10.6
285,10,20.3,8.2
286,10,17.6,11
287,10,18.4,9
288,10,20.5,9
289,10,21,9.7
290,10,21.4,9.6
291,10,20.5,10.8
292,10,18.8,8
293,10,19.4,7.7
294,10,16.9,7.7
295,10,16.4,8.6
296,10,10.6,9.3
297,10,13.1,5
298,10,12.2,2.8
299,10,15.3,6.1
300,10,14.6,8.8
301,10,10,6.1
302,10,10.2,5.4
303,10,8,4.2
304,10,8.4,2.9
305,11,10,0.5
306,11,11.6,3.2
307,11,11.4,3.9
308,11,11.4,1.3
309,11,11.7,4.9
310,11,12.7,5.8
311,11,11.2,2.9
312,11,10.4,6.2
313,11,9.8,7
314,11,8.6,3.1
315,11,10.5,4.6
316,11,9.7,4.3
317,11,9.1,5.1
318,11,7.2,2.7
319,11,5.8,-3.1
320,11,6.4,0.7
321,11,6.2,-0.1
322,11,5.3,-0
323,11,6.1,-0.1
324,11,5.9,2.2
325,11,7.8,1.5
326,11,9.1,3
327,11,8.4,-0.2
328,11,7.8,2.4
329,11,8.8,5.1
330,11,6.3,2.3
331,11,5,-0.3
332,11,4.4,-3
333,11,2.1,-2
334,11,3.7,0.8
335,12,3.1,-3.9
336,12,-0.1,-5.9
337,12,-1.3,-5.6
338,12,1.5,-3.7
339,12,2.8,-0.5
340,12,3.3,-0.1
341,12,4.7,-2.7
342,12,7.6,-2.9
343,12,2.5,0.1
344,12,2.5,-2.8
345,12,10.4,2.3
346,12,13.7,10
347,12,5,0.9
348,12,5.5,-1.8
349,12,8.7,3
350,12,5.5,0.9
351,12,3,-2.3
352,12,0.6,-5.1
353,12,-1,-5.6
354,12,-2.4,-7.2
355,12,-1.8,-8.8
356,12,3.4,-1.8
357,12,2.9,-1.1
358,12,7.7,2.9
359,12,6.2,-2.6
360,12,8.2,-0.5
361,12,8,1.8
362,12,7.3,2.2
363,12,2.4,-1.8
364,12,2,-4.3
365,12,4.4,-0.3
1,1,7,1.6
2,1,4.8,1.2
3,1,4.1,-1
4,1,7.7,2.8
5,1,8.6,2.9
6,1,12.5,6.4
7,1,9.6,4
8,1,8.3,5.7
9,1,7.4,4.7
10,1,5.4,3.7
11,1,6.2,2.8
12,1,4.6,2.6
13,1,2.4,-0.7
14,1,-0.6,-3.4
15,1,-2.4,-5.2
16,1,1.3,-3.7
17,1,3,-4.7
18,1,3.5,-1
19,1,4.6,-0.3
20,1,3.1,-4.1
21,1,2.2,-2.2
22,1,1.3,-3.4
23,1,-0.7,-7.9
24,1,-2.3,-12.5
25,1,1.4,-5.9
26,1,0.2,-5.1
27,1,2,-4.3
28,1,3.9,-2.8
29,1,8.5,0.9
30,1,6.6,-0.9
31,1,4.7,-2.2
32,2,8.3,3.8
33,2,8.7,4
34,2,2.4,0.2
35,2,2.4,-1.9
36,2,1.9,-4.4
37,2,0.2,-2
38,2,2.3,-3.3
39,2,2.8,0.1
40,2,1.4,-2.8
41,2,1.1,-2.2
42,2,1.8,-4.7
43,2,3.3,-3.5
44,2,2.6,-2
45,2,1.7,-1
46,2,2.1,-4.6
47,2,2.4,-7
48,2,2,-2.6
49,2,3.3,-4.3
50,2,1,-9.3
51,2,0.9,-1.6
52,2,1.7,-0.9
53,2,0.4,-3
54,2,2,-3.5
55,2,-0.1,-9.3
56,2,-6.6,-11.9
57,2,-6.1,-11.3
58,2,-7.2,-9.7
59,2,-6.5,-13.1
60,3,-7.4,-12.9
61,3,-6.3,-9.9
62,3,-4.4,-13.5
63,3,-3.6,-16.6
64,3,-2.4,-17.4
65,3,1.8,-2
66,3,6,-2.6
67,3,6.4,-2.8
68,3,9.3,-2
69,3,9.7,1.3
70,3,12.3,4.9
71,3,13.4,9.4
72,3,12.6,6.1
73,3,10.9,5.3
74,3,10.2,4.4
75,3,9.9,6.2
76,3,5.8,0.6
77,3,-0.4,-4.7
78,3,0.6,-6.5
79,3,0,-4.1
80,3,2.8,-3.5
81,3,2.8,-7.8
82,3,6.1,-6.1
83,3,6.3,-3.5
84,3,7.8,-3.6
85,3,8.6,-2.1
86,3,9.3,1.9
87,3,10.6,-0.7
88,3,11.1,3.2
89,3,11.9,4.2
90,3,14.2,7.4
91,4,10.5,6.3
92,4,11.2,5.2
93,4,15.3,6.4
94,4,17.2,9.1
95,4,17.7,10.7
96,4,14.7,9
97,4,16.1,7.2
98,4,18.8,8.2
99,4,21,11.6
100,4,17.4,10.7
101,4,17.1,8.9
102,4,22.1,11
103,4,18.5,13.4
104,4,21.2,10.5
105,4,22.9,13.3
106,4,19,15.1
107,4,19.9,12.9
108,4,20.1,14.5
109,4,20.9,10.6
110,4,19.8,10.6
111,4,19.9,8.9
112,4,22.8,10
113,4,25.3,13.2
114,4,22.6,14.5
115,4,24.7,12.8
116,4,22.5,13.9
117,4,18.4,10.9
118,4,24.7,10.8
119,4,23.3,16.2
120,4,23.8,16
121,5,23.5,14
122,5,24.6,15
123,5,24.9,15
124,5,26.6,15
125,5,27.6,18.6
126,5,23.5,17.3
127,5,22.6,15.2
128,5,20.7,13
129,5,23.6,13.4
130,5,24.5,16.4
131,5,24.9,14.2
132,5,23.2,16.4
133,5,22.5,13.4
134,5,20,13.7
135,5,18.2,11.4
136,5,17.7,9.4
137,5,18.2,12.8
138,5,22.4,14.1
139,5,22.7,12.7
140,5,21.9,11.3
141,5,22.4,14
142,5,21.2,13.6
143,5,23,15.7
144,5,25.9,16.4
145,5,23.1,18.1
146,5,26.2,16.2
147,5,25,17.2
148,5,26.6,17.3
149,5,23.8,18.2
150,5,25.4,16.2
151,5,27.3,17
152,6,28.4,18.1
153,6,26.9,18.5
154,6,27.2,20
155,6,26.4,17.3
156,6,26.4,17.9
157,6,21.7,17.3
158,6,23.4,16.2
159,6,24.6,17.6
160,6,23.6,17.7
161,6,27.8,19.1
162,6,28.5,21.5
163,6,27.7,19.2
164,6,24.9,18
165,6,20.6,17
166,6,19.8,17.4
167,6,24.1,18.2
168,6,25.1,18.8
169,6,25.4,18.2
170,6,26.7,19.3
171,6,27.5,20.4
172,6,27.9,20.1
173,6,19,13.7
174,6,19.1,11
175,6,18.5,10.4
176,6,20.8,10.4
177,6,21.9,11.6
178,6,22.3,13.3
179,6,21.9,15.8
180,6,25.5,18.2
181,6,20.8,14.1
182,7,19.2,13.3
183,7,21,9.6
184,7,22.9,11.5
185,7,26.2,12
186,7,27.9,14.9
187,7,27.8,17
188,7,24.7,17.3
189,7,23.6,15.1
190,7,26.3,15.7
191,7,25.4,16.1
192,7,22,16.9
193,7,23.8,13.6
194,7,25.1,15.5
195,7,25.1,16.7
196,7,25.9,15.5
197,7,26.2,15.4
198,7,26.7,15.3
199,7,22.8,19
200,7,22.5,18.9
201,7,25.3,18.3
202,7,26.1,17.7
203,7,25.8,17.8
204,7,24,17.9
205,7,27.9,17.4
206,7,28.1,17.7
207,7,27.1,17.9
208,7,27.2,20.5
209,7,28.3,19.3
210,7,30.1,21.7
211,7,28.4,21.5
212,7,30.3,22.6
213,8,30.4,22.2
214,8,30.4,20.7
215,8,29.2,20.6
216,8,28.4,17.9
217,8,30.2,17.9
218,8,28.9,18.9
219,8,29.1,18.2
220,8,31.5,18.1
221,8,32.4,20
222,8,33.2,23
223,8,27.6,18.7
224,8,30.1,17.5
225,8,32.4,18
226,8,29.1,20
227,8,27.2,20.2
228,8,27.9,15
229,8,29.3,17.5
230,8,29.7,19.3
231,8,31.3,18.7
232,8,32.1,20.1
233,8,32.3,21
234,8,32.4,21.6
235,8,31.2,21.6
236,8,30.3,18.4
237,8,24,18.3
238,8,16.6,14.2
239,8,21.2,8.9
240,8,25.6,9.6
241,8,26.4,12.1
242,8,27.5,13.1
243,8,27.4,17.2
244,9,28.9,16.4
245,9,27.4,17.6
246,9,22.2,17.3
247,9,18.4,16.4
248,9,24.3,15.8
249,9,22.3,14.6
250,9,23.7,11.3
251,9,24.4,14.9
252,9,23.7,12.6
253,9,23.8,11.9
254,9,25.1,12.5
255,9,26.7,13
256,9,28.2,13.1
257,9,26,16.2
258,9,25.9,17.9
259,9,22,13.5
260,9,26.8,11.5
261,9,25.4,10.9
262,9,27.3,11.3
263,9,28,12
264,9,28.5,13.6
265,9,17.5,12.2
266,9,18.3,9.5
267,9,18.9,10.6
268,9,14.4,7.6
269,9,14.1,3.9
270,9,18.5,2.8
271,9,18.1,4.6
272,9,15.1,7
273,9,15.7,4
274,10,18,6.4
275,10,14.3,6.8
276,10,16.8,3.5
277,10,15.7,5.7
278,10,17.1,2.9
279,10,20.3,4
280,10,20.3,12.7
281,10,19.6,11.9
282,10,22.7,10
283,10,23.1,9.2
284,10,22.3,9
285,10,21,8.6
286,10,21.4,8.2
287,10,19.5,8.3
288,10,19.4,7.5
289,10,18.8,8.5
290,10,21.2,8.8
291,10,21.1,9.4
292,10,21,8.9
293,10,19.6,7.2
294,10,10.8,8.3
295,10,15,7.7
296,10,12.7,8.2
297,10,12.8,6.8
298,10,14.3,6
299,10,14.1,7.1
300,10,13.9,10.6
301,10,20.7,11.4
302,10,20.4,16
303,10,18.1,10.8
304,10,18.4,9.9
305,11,20.8,8.8
306,11,21.2,13
307,11,19.6,11.3
308,11,17.3,7.9
309,11,17.2,6.6
310,11,15.8,7.3
311,11,15.6,6.6
312,11,14.3,5.4
313,11,12.7,3
314,11,10.9,3.2
315,11,15,4.8
316,11,14.7,4.3
317,11,13.8,5.8
318,11,12,3.5
319,11,10.7,0.6
320,11,8.3,0.9
321,11,5.9,-1.5
322,11,6.4,-3.6
323,11,1.9,-0.5
324,11,4.5,0.3
325,11,4.3,3.4
326,11,4.9,2.4
327,11,4.8,2.7
328,11,6.4,1.5
329,11,6.9,4.7
330,11,9.4,5.3
331,11,4.6,0.9
332,11,1.6,-3.8
333,11,-0.2,-6.3
334,11,-2.1,-5.3
335,12,-1.8,-5.6
336,12,0.3,-4.4
337,12,3.3,-2.4
338,12,5.4,0.2
339,12,4.9,-5
340,12,2,-5.9
341,12,2.6,-0.9
342,12,6.8,0.1
343,12,6.1,-0.1
344,12,5.9,1.4
345,12,3.7,-0.2
346,12,3.1,-0.9
347,12,1.6,-5.3
348,12,-0.6,-5.7
349,12,-0.4,-1.1
350,12,-0.7,-4.2
351,12,-4.3,-7.6
352,12,-2.6,-8.2
353,12,-7,-9.8
354,12,-4.2,-8.3
355,12,-0.9,-6.3
356,12,6.7,1.1
357,12,6.4,2.1
358,12,4,-2.1
359,12,2,-3.5
360,12,3.8,-0.8
361,12,5.9,0
362,12,6.1,2.3
363,12,5.1,0
364,12,4.8,-0.7
365,12,4.2,-1.5
1,1,2.7,-4.6
2,1,3.1,-0.7
3,1,0.3,-3.3
4,1,-1,-6.3
5,1,2.2,-3.2
6,1,0.4,-6.5
7,1,-5.2,-14.9
8,1,0,-10.4
9,1,1.8,-1.2
10,1,0.2,-8.6
11,1,-6.5,-9.8
12,1,3.3,-4.3
13,1,3.3,0
14,1,3.1,-1.4
15,1,1.2,-3.2
16,1,5.7,-1.3
17,1,10,-1.1
18,1,5.6,-3.2
19,1,0.6,-4.7
20,1,0,-2.1
21,1,0,-7
22,1,-2.4,-9.9
23,1,-1.4,-7.1
24,1,1.5,-3.1
25,1,-3.3,-6.3
26,1,-2.7,-6.5
27,1,2.7,-2.1
28,1,3.6,-1.9
29,1,3.3,-3.6
30,1,-1.3,-8.5
31,1,0.1,-3.4
32,2,2.3,-2
33,2,9.5,5.3
34,2,11,3.5
35,2,4.4,0.9
36,2,4.7,-1.4
37,2,3.3,-4.8
38,2,2.2,-5.5
39,2,3.8,-4.5
40,2,3.8,-3.7
41,2,6.3,-4.5
42,2,6,2.6
43,2,3.2,-0.7
44,2,3.6,-1.7
45,2,7.1,-0.3
46,2,7.1,-2.6
47,2,8.4,-2.3
48,2,9.7,-2.1
49,2,7.3,-2.3
50,2,7.2,-1.3
51,2,8.3,0.8
52,2,8.6,-0.5
53,2,10.6,-2.7
54,2,-0.8,-6.4
55,2,1.5,-6.6
56,2,6.5,-4
57,2,10.5,-3.9
58,2,9.5,-0.1
59,2,12.9,0.9
60,3,11.6,4.7
61,3,6.9,2.5
62,3,11.7,3.1
63,3,14.8,4.1
64,3,11.9,5
65,3,13.6,3.5
66,3,17.2,6.5
67,3,14.8,7.8
68,3,12.8,5.8
69,3,13.8,6.8
70,3,9.3,3.8
71,3,7.9,0
72,3,6,-1.6
73,3,9.5,-0.9
74,3,10.1,4.5
75,3,10,7.7
76,3,17.6,3.6
77,3,11.5,6.2
78,3,9.9,5.2
79,3,10,2.5
80,3,11.1,-0.6
81,3,14,0.7
82,3,15.6,2.5
83,3,17.7,5.5
84,3,12.1,7.5
85,3,11,5.2
86,3,9,1.6
87,3,13.2,-1.1
88,3,13.8,2.3
89,3,15.7,2.1
90,3,17.7,3.1
91,4,13.9,6.1
92,4,15.2,5
93,4,15.5,8.2
94,4,17,9
95,4,15,6.6
96,4,15.5,5.9
97,4,17.6,6.7
98,4,19.7,8.6
99,4,19,12
100,4,17.5,10.9
101,4,14.2,10
102,4,10.5,7.7
103,4,10.1,7.7
104,4,14.4,8.4
105,4,12.4,4.6
106,4,12.8,2.1
107,4,15.2,3.4
108,4,18.4,9.2
109,4,20.7,11.3
110,4,19.6,11
111,4,20.3,11.8
112,4,19.1,12
113,4,11.8,9.9
114,4,21.4,10.2
115,4,23.8,12.7
116,4,25.9,15.8
117,4,17.7,12.2
118,4,15.8,11.7
119,4,15.9,10.3
120,4,16.8,9
121,5,19.3,10.4
122,5,21.1,10.8
123,5,16.9,11.9
124,5,17.4,12.3
125,5,11.3,7.1
126,5,11.7,7.1
127,5,15.2,6.8
128,5,17.8,7.8
129,5,11.4,9.9
130,5,19.3,9.9
131,5,22.3,11.2
132,5,22.3,13.6
133,5,16.4,8.8
134,5,10.5,6.8
135,5,11.6,8.5
136,5,17,7.4
137,5,20,10.4
138,5,23.4,11.8
139,5,24.4,14.2
140,5,22.4,15.9
141,5,19.8,12.7
142,5,17.6,14.3
143,5,18.5,12.6
144,5,20.5,10.5
145,5,23.9,13.6
146,5,25.6,16
147,5,25.6,17.3
148,5,23.6,15.3
149,5,21.8,14.2
150,5,16.7,12.7
151,5,23.1,12.9
152,6,25.2,15.8
153,6,27.2,17
154,6,28.1,18.1
155,6,27.5,18.7
156,6,27.7,19.7
157,6,26.2,17.3
158,6,27.7,18.2
159,6,27.1,18.2
160,6,28.1,17.9
161,6,30.4,20
162,6,30.9,21.1
163,6,31.1,21.5
164,6,33.3,22.3
165,6,33,23.3
166,6,33.8,23.6
167,6,31.7,24.4
168,6,29.4,21
169,6,26.6,19.9
170,6,29.7,22.9
171,6,29.8,22.4
172,6,29.2,21
173,6,29.8,22.3
174,6,26.8,21.1
175,6,29,20.3
176,6,31.3,20.4
177,6,32.5,23.9
178,6,32.5,23.2
179,6,26.2,18.3
180,6,28.2,18.6
181,6,29.1,20.7
182,7,32.2,20.8
183,7,30.9,23.2
184,7,27.1,20.1
185,7,25.8,19.1
186,7,28.4,19.7
187,7,29.6,20.8
188,7,24.3,20.8
189,7,23,17.4
190,7,22.5,17.7
191,7,23.1,17.3
192,7,23.9,15.1
193,7,21.3,17.3
194,7,22.4,15.9
195,7,25.9,15.6
196,7,23.8,17.6
197,7,26.1,18
198,7,24.6,14.7
199,7,27.8,18.8
200,7,28.5,20.2
201,7,30.2,20.8
202,7,32,22
203,7,28.6,21.1
204,7,27.8,21.2
205,7,29.8,19.9
206,7,30.1,21.6
207,7,32.5,22.6
208,7,30.2,21.8
209,7,32.2,20.7
210,7,29.3,20.7
211,7,30.5,20.8
212,7,28.7,22.6
213,8,30.6,21.8
214,8,27.9,21.8
215,8,25.8,18.2
216,8,26.9,17.5
217,8,27.2,19.7
218,8,31.2,20.5
219,8,31.7,22.6
220,8,28.8,20.7
221,8,30.7,22
222,8,33.4,23.1
223,8,33.6,23.7
224,8,36.2,24.8
225,8,28,20.3
226,8,23,17.4
227,8,24.2,16.8
228,8,25.4,19.1
229,8,27.4,17.9
230,8,29.7,20
231,8,32.3,21.7
232,8,33.6,23.3
233,8,30.2,22.5
234,8,27.7,19.4
235,8,30.5,21.6
236,8,32.1,23.4
237,8,32,23.7
238,8,31.5,24.3
239,8,31.5,24.4
240,8,33.4,24.7
241,8,33.1,25.4
242,8,34.7,24.7
243,8,33.1,25
244,9,32.3,24.8
245,9,32.6,22.2
246,9,21.9,16.1
247,9,25.6,15.9
248,9,26.5,18.6
249,9,26.3,17.3
250,9,20.5,18.2
251,9,23,17.6
252,9,21.8,15
253,9,22.7,14.7
254,9,26.1,16.7
255,9,25.5,19.7
256,9,25.4,16.3
257,9,25.6,18.4
258,9,23.8,15.7
259,9,26.7,17.5
260,9,22,16.7
261,9,17.2,11.2
262,9,17.1,10.4
263,9,18.8,9.8
264,9,19.5,12.4
265,9,22.5,13.1
266,9,17.7,13.7
267,9,20.4,14.2
268,9,20.2,14.9
269,9,21.1,14.5
270,9,23,14.7
271,9,17.5,16.4
272,9,22.6,14.7
273,9,24,15.9
274,10,22.7,13.4
275,10,23.1,15.9
276,10,15.2,10.2
277,10,16.2,8.1
278,10,13.1,10.3
279,10,14.6,8.9
280,10,12.1,8.2
281,10,13.9,7.2
282,10,19.2,10.3
283,10,15.4,11.1
284,10,17.3,9.4
285,10,20.6,11.1
286,10,20.6,13.3
287,10,21.4,14.6
288,10,22.7,14.8
289,10,17.3,14.1
290,10,21.5,13.8
291,10,21,14.5
292,10,21.6,13.4
293,10,22.8,15
294,10,23.6,15.6
295,10,23,15.7
296,10,23.3,16.2
297,10,22.1,14.8
298,10,21.9,14.7
299,10,19.7,13.7
300,10,20.4,13.6
301,10,17.2,12.3
302,10,11.4,9.3
303,10,11.5,7.5
304,10,10.1,5.6
305,11,9.7,5.3
306,11,11.1,6.3
307,11,16.4,9.8
308,11,15.7,9.9
309,11,16.3,9.2
310,11,12.7,9.7
311,11,13.9,9.6
312,11,13.5,8.5
313,11,15.1,10.5
314,11,10.1,7.4
315,11,10.2,5.5
316,11,10.2,7
317,11,16.4,10.4
318,11,11.4,6.4
319,11,14.5,8.4
320,11,16.3,10.3
321,11,13.8,10.2
322,11,14.1,9.6
323,11,11.6,8.1
324,11,10.9,9.3
325,11,11.5,9.5
326,11,11.8,8.4
327,11,9,4.6
328,11,9.8,5.7
329,11,10.6,5.7
330,11,10.2,6.6
331,11,9.7,5.4
332,11,10.3,9
333,11,11,7.4
334,11,5.5,1.6
335,12,4.2,0.7
336,12,1.8,0.2
337,12,1,-1.6
338,12,-0.7,-3.5
339,12,-0.2,-2.6
340,12,0.2,-2.8
341,12,2.8,-1.6
342,12,6.3,1.6
343,12,6.2,4.2
344,12,5.7,1.2
345,12,2.4,-0.4
346,12,3.5,1
347,12,5,3.3
348,12,4.7,3.7
349,12,7.4,2.5
350,12,9.2,4.6
351,12,14.1,7.2
352,12,12,7.6
353,12,8.9,6.3
354,12,10.1,5.2
355,12,10.9,9.6
356,12,9.3,6.2
357,12,7.6,7
358,12,7.8,5.4
359,12,8.3,4.6
360,12,6.4,3.2
361,12,4.6,1.6
362,12,3,-0.1
363,12,1,-1.1
364,12,1.1,-1.5
365,12,4.4,-0.6
1,1,3,0.2
2,1,3.3,-0.5
3,1,2.4,-0.7
4,1,6.7,1.1
5,1,3.5,-0.7
6,1,1,-1
7,1,1.7,-1.3
8,1,1.1,-1.2
9,1,1.3,-1
10,1,1.5,-0.7
11,1,6.5,0.2
12,1,4.2,0.8
13,1,2.7,-0.3
14,1,2.9,-0.5
15,1,3.1,-0.4
16,1,3,-0.1
17,1,2.5,-0.3
18,1,1.7,-0.8
19,1,2.8,0.1
20,1,4.4,-0.1
21,1,3.6,-0.5
22,1,2.8,-0.9
23,1,3.4,-0.6
24,1,1.7,-1.6
25,1,1.6,-0.9
26,1,1.2,0.3
27,1,5.7,1.5
28,1,4.7,0.3
29,1,5.3,1.5
30,1,4.5,0.3
31,1,11,1.5
32,2,10.6,5.5
33,2,12.8,8.6
34,2,10.8,7.3
35,2,7.4,3
36,2,7,0.9
37,2,4.3,-0.1
38,2,6.8,1.2
39,2,4.1,-0.8
40,2,5.3,-0.6
41,2,12,3.5
42,2,7.9,4.4
43,2,6.4,2.2
44,2,7.4,1.4
45,2,8,4.9
46,2,8.2,2.5
47,2,9.1,2
48,2,11,3.6
49,2,10.8,6
50,2,7.8,3.1
51,2,6.8,2.2
52,2,7.8,2.6
53,2,8.6,1.6
54,2,10.8,5
55,2,12.3,5
56,2,14.4,4.2
57,2,8.9,4.7
58,2,6.8,2.6
59,2,7.1,2.1
60,2,8.9,1.4
61,3,9.6,6.5
62,3,12.4,7.5
63,3,10.5,6.1
64,3,8.9,5.1
65,3,9.8,2.9
66,3,5.6,3.8
67,3,9.3,4.9
68,3,9,2.5
69,3,10,3.4
70,3,11.3,4.4
71,3,14.6,6.8
72,3,16.7,9.5
73,3,13.1,7.2
74,3,9.7,4.8
75,3,8.9,2.1
76,3,10.6,2.5
77,3,13.1,4.1
78,3,15.5,7.8
79,3,17.2,8.9
80,3,17.6,10.5
81,3,15.4,4.8
82,3,5.8,1.4
83,3,3.7,0
84,3,6.2,0.1
85,3,5,0.5
86,3,11.9,3
87,3,14.4,6.2
88,3,16.4,8
89,3,15.8,8.8
90,3,8.1,2
91,3,8.3,1.6
92,4,10,3.1
93,4,11.1,3.2
94,4,13.8,4.2
95,4,15,6.6
96,4,15.9,7.9
97,4,15.6,8
98,4,17,8.2
99,4,19.2,9.8
100,4,20.5,11.3
101,4,18.8,12.5
102,4,18.9,10.6
103,4,17.9,10.8
104,4,21.1,11.9
105,4,10.9,7.2
106,4,13.6,5.3
107,4,19.5,8.1
108,4,21.4,11.4
109,4,20.5,12.7
110,4,17,12.4
111,4,15.4,8.4
112,4,16.2,7.8
113,4,17.2,8.4
114,4,18.5,9.6
115,4,18.9,11.4
116,4,18.4,12.3
117,4,18.3,9.2
118,4,18.8,10.9
119,4,22.2,12.1
120,4,18.4,14.2
121,4,21,12.1
122,5,19.1,14.1
123,5,19.4,12.3
124,5,17.8,10.9
125,5,19.5,10
126,5,17.5,12
127,5,15.6,8
128,5,16.3,9.4
129,5,21.8,9.7
130,5,23.1,14.1
131,5,24,15.8
132,5,24.6,15.8
133,5,15.5,8.4
134,5,11.2,7.3
135,5,22.4,11.3
136,5,19.4,11.1
137,5,19.9,9.1
138,5,20.9,12.8
139,5,24.3,13.7
140,5,25.1,16.7
141,5,19.7,15.7
142,5,20,13.2
143,5,19.1,11
144,5,16.8,13
145,5,19.9,12
146,5,17.9,12
147,5,20.4,10.5
148,5,21.8,12.1
149,5,20.9,13.1
150,5,20.4,12.5
151,5,19.7,12.5
152,5,13.4,10.7
153,6,22.4,12.1
154,6,19.9,13.5
155,6,21.8,11.7
156,6,24.5,14.6
157,6,23.3,16.6
158,6,25.9,14.8
159,6,27,19.3
160,6,23.6,15.4
161,6,26.1,15.9
162,6,25.1,18.7
163,6,25.3,18.4
164,6,26.5,16.5
165,6,30.2,19.1
166,6,28.3,22.2
167,6,23.6,18.1
168,6,21.3,18
169,6,23.1,18.9
170,6,22.5,18.6
171,6,24,16.8
172,6,20.3,16.6
173,6,21.2,15.1
174,6,22.8,17.1
175,6,26.2,18.8
176,6,25.1,15.8
177,6,27.5,18.2
178,6,29.7,20.3
179,6,30.4,20.7
180,6,33,22.9
181,6,32,19.1
182,6,27.6,18
183,7,30.5,20.7
184,7,31.8,23.1
185,7,25.2,21.4
186,7,28.1,20.4
187,7,29.3,19.3
188,7,29.8,21.9
189,7,23.1,15.8
190,7,26.5,16.2
191,7,26.7,19.4
192,7,31.8,20.7
193,7,31.2,18.1
194,7,22.6,16.2
195,7,23.8,17.1
196,7,24.6,17.4
197,7,26,18.1
198,7,24.6,18.6
199,7,23.1,16.4
200,7,21.2,17.1
201,7,27.4,16.4
202,7,28.9,18.4
203,7,30.2,21
204,7,28.2,20.9
205,7,29.5,22.6
206,7,29.8,21.2
207,7,27.3,20.2
208,7,29.2,19.4
209,7,29.7,20.9
210,7,32.9,22.6
211,7,30.5,23.8
212,7,32.8,24
213,7,31.4,24.6
214,8,28.8,21.2
215,8,29.8,20.5
216,8,31.5,21.7
217,8,29.6,20.6
218,8,25,20.6
219,8,29.7,20.5
220,8,31.5,22.7
221,8,32.9,24.2
222,8,33,24.8
223,8,33,25.3
224,8,33.1,23.5
225,8,32.1,24.1
226,8,31.3,22.6
227,8,31,24.6
228,8,28.9,23
229,8,26,20.5
230,8,30.9,21.8
231,8,27.4,22.1
232,8,27.8,21.2
233,8,30.1,20
234,8,31.6,22.3
235,8,32.9,23.2
236,8,28.7,21.6
237,8,28.9,22
238,8,26.7,21
239,8,30.3,20.4
240,8,26.1,19.5
241,8,29.1,19
242,8,32.7,22.1
243,8,34.3,23.4
244,8,26.2,19.1
245,9,19.7,15.7
246,9,24,13.9
247,9,25.1,17.1
248,9,25.9,16.7
249,9,28.9,19.7
250,9,30.1,21
251,9,26.5,20.4
252,9,25.9,17.5
253,9,28,18.5
254,9,27.7,19.6
255,9,27.5,19.6
256,9,29.6,20.5
257,9,30.2,22.3
258,9,30.5,22.4
259,9,30.7,22.8
260,9,30.5,23
261,9,30.5,19.9
262,9,23.5,17.2
263,9,23.1,16.5
264,9,25.7,16.3
265,9,26.8,17.8
266,9,28.1,18.5
267,9,26.4,19.4
268,9,24.9,18.9
269,9,21.6,18.5
270,9,18.3,11.8
271,9,16.9,9.5
272,9,19.6,13.3
273,9,17,13.4
274,9,16,11.9
275,10,15.8,13.9
276,10,21.6,12.5
277,10,27,16.1
278,10,22.4,17.6
279,10,22.8,16.2
280,10,21.9,14.8
281,10,15.9,14.5
282,10,18.1,11.3
283,10,18.8,12.1
284,10,20.6,15.1
285,10,14.7,12.5
286,10,13.5,9.6
287,10,10.1,8
288,10,13.1,7.5
289,10,12.6,10.3
290,10,12.8,9.3
291,10,10.6,8.6
292,10,12.3,7.9
293,10,14.1,8
294,10,14.8,9.6
295,10,16.6,8.9
296,10,15.7,10.3
297,10,16.4,10.8
298,10,17.9,12.1
299,10,13.3,12.9
300,10,19,11.7
301,10,18.1,12.1
302,10,17.6,11.7
303,10,16.4,11.7
304,10,12.6,8.8
305,10,17,12.6
306,11,13.4,9.1
307,11,13.6,11.7
308,11,17.5,13.2
309,11,13.8,13.1
310,11,12.5,9.8
311,11,12.7,8.1
312,11,13.1,8.2
313,11,12.8,7.8
314,11,13,7.9
315,11,12.8,7.9
316,11,11.1,7
317,11,9.4,7.9
318,11,11.3,6.7
319,11,11,6.6
320,11,11.1,6.3
321,11,9.1,7.6
322,11,11.5,6.7
323,11,11.4,7
324,11,10.7,5.8
325,11,8.8,3.9
326,11,6.6,1.9
327,11,5.7,1.6
328,11,6.3,3.1
329,11,6.6,2
330,11,5.9,1.2
331,11,5.8,1.2
332,11,5.5,1.8
333,11,3.4,1.2
334,11,3.1,1.2
335,11,2.8,0
336,12,2.1,-0.6
337,12,2.6,-0.4
338,12,2.8,0
339,12,7.2,2.4
340,12,10.2,4.5
341,12,12.2,6.4
342,12,8.9,6.6
343,12,7.7,4.1
344,12,6.1,2.9
345,12,6.2,4.6
346,12,6.5,3.3
347,12,5.5,2.4
348,12,6.3,2.8
349,12,5.8,1.7
350,12,5.1,1.3
351,12,4.1,1.5
352,12,5,1.4
353,12,5.5,4.4
354,12,5,2.5
355,12,4.6,1.9
356,12,4.4,2.1
357,12,4.7,2.9
358,12,8.9,5.7
359,12,9.7,7.1
360,12,6.8,3.4
361,12,4,1
362,12,3.6,-0.1
363,12,8.8,3.4
364,12,9.6,5.6
365,12,6.9,5.7
366,12,6.3,4.2
1,1,4.4,2.2
2,1,5.9,3.2
3,1,5.6,3.6
4,1,6.2,4.4
5,1,7.5,3.9
6,1,5.1,2.7
7,1,4.6,1.6
8,1,3.6,0.6
9,1,2.6,-0.2
10,1,1.8,-0.1
11,1,2.4,-0.5
12,1,1.7,-1.6
13,1,1.9,-0.4
14,1,0.4,-1.4
15,1,0,-1.9
16,1,-0.8,-3.7
17,1,-1.5,-4.3
18,1,-2.7,-5.9
19,1,2.5,-2.4
20,1,6.2,0.6
21,1,9.6,3
22,1,9.7,5.1
23,1,10.4,5.3
24,1,5.7,2.9
25,1,3.2,0.8
26,1,3.1,0
27,1,3,0
28,1,2.3,-0.5
29,1,5.7,1.7
30,1,9.6,3.8
31,1,2.8,-0.3
32,2,4.6,0.2
33,2,6.2,1.4
34,2,10,2.3
35,2,11.6,6.4
36,2,6.2,4.9
37,2,7.1,5
38,2,9,3
39,2,6.6,1.1
40,2,3.4,1
41,2,6.6,2.3
42,2,3,-7.1
43,2,-3.4,-7.1
44,2,-2.6,-7.1
45,2,0.9,-3.9
46,2,0.6,-4.1
47,2,1.4,-1.9
48,2,3.2,-0.1
49,2,7.1,1.1
50,2,3.5,1.1
51,2,6.4,2.8
52,2,8.1,2.7
53,2,10.8,1.5
54,2,10.7,3.7
55,2,13.7,5.5
56,2,15,6.5
57,2,15.3,7.3
58,2,10.3,5.5
59,2,8.6,3
60,3,4.6,0.2
61,3,6.2,1.4
62,3,10,2.3
63,3,11.6,6.4
64,3,6.2,4.9
65,3,7.1,5
66,3,9,3
67,3,6.6,1.1
68,3,3.4,1
69,3,6.6,2.3
70,3,3,-7.1
71,3,-3.4,-7.1
72,3,-2.6,-7.1
73,3,0.9,-3.9
74,3,0.6,-4.1
75,3,1.4,-1.9
76,3,3.2,-0.1
77,3,7.1,1.1
78,3,3.5,1.1
79,3,6.4,2.8
80,3,8.1,2.7
81,3,10.8,1.5
82,3,10.7,3.7
83,3,13.7,5.5
84,3,15,6.5
85,3,15.3,7.3
86,3,10.3,5.5
87,3,8.6,3
88,4,4.6,0.2
89,4,6.2,1.4
90,4,10,2.3
91,4,11.6,6.4
92,4,6.2,4.9
93,4,7.1,5
94,4,9,3
95,4,6.6,1.1
96,4,3.4,1
97,4,6.6,2.3
98,4,3,-7.1
99,4,-3.4,-7.1
100,4,-2.6,-7.1
101,4,0.9,-3.9
102,4,0.6,-4.1
103,4,1.4,-1.9
104,4,3.2,-0.1
105,4,7.1,1.1
106,4,3.5,1.1
107,4,6.4,2.8
108,4,8.1,2.7
109,4,10.8,1.5
110,4,10.7,3.7
111,4,13.7,5.5
112,4,15,6.5
113,4,15.3,7.3
114,4,10.3,5.5
115,4,8.6,3
116,5,4.6,0.2
117,5,6.2,1.4
118,5,10,2.3
119,5,11.6,6.4
120,5,6.2,4.9
121,5,7.1,5
122,5,9,3
123,5,6.6,1.1
124,5,3.4,1
125,5,6.6,2.3
126,5,3,-7.1
127,5,-3.4,-7.1
128,5,-2.6,-7.1
129,5,0.9,-3.9
130,5,0.6,-4.1
131,5,1.4,-1.9
132,5,3.2,-0.1
133,5,7.1,1.1
134,5,3.5,1.1
135,5,6.4,2.8
136,5,8.1,2.7
137,5,10.8,1.5
138,5,10.7,3.7
139,5,13.7,5.5
140,5,15,6.5
141,5,15.3,7.3
142,5,10.3,5.5
143,5,8.6,3
144,6,4.6,0.2
145,6,6.2,1.4
146,6,10,2.3
147,6,11.6,6.4
148,6,6.2,4.9
149,6,7.1,5
150,6,9,3
151,6,6.6,1.1
152,6,3.4,1
153,6,6.6,2.3
154,6,3,-7.1
155,6,-3.4,-7.1
156,6,-2.6,-7.1
157,6,0.9,-3.9
158,6,0.6,-4.1
159,6,1.4,-1.9
160,6,3.2,-0.1
161,6,7.1,1.1
162,6,3.5,1.1
163,6,6.4,2.8
164,6,8.1,2.7
165,6,10.8,1.5
166,6,10.7,3.7
167,6,13.7,5.5
168,6,15,6.5
169,6,15.3,7.3
170,6,10.3,5.5
171,6,8.6,3
172,7,4.6,0.2
173,7,6.2,1.4
174,7,10,2.3
175,7,11.6,6.4
176,7,6.2,4.9
177,7,7.1,5
178,7,9,3
179,7,6.6,1.1
180,7,3.4,1
181,7,6.6,2.3
182,7,3,-7.1
183,7,-3.4,-7.1
184,7,-2.6,-7.1
185,7,0.9,-3.9
186,7,0.6,-4.1
187,7,1.4,-1.9
188,7,3.2,-0.1
189,7,7.1,1.1
190,7,3.5,1.1
191,7,6.4,2.8
192,7,8.1,2.7
193,7,10.8,1.5
194,7,10.7,3.7
195,7,13.7,5.5
196,7,15,6.5
197,7,15.3,7.3
198,7,10.3,5.5
199,7,8.6,3
200,8,4.6,0.2
201,8,6.2,1.4
202,8,10,2.3
203,8,11.6,6.4
204,8,6.2,4.9
205,8,7.1,5
206,8,9,3
207,8,6.6,1.1
208,8,3.4,1
209,8,6.6,2.3
210,8,3,-7.1
211,8,-3.4,-7.1
212,8,-2.6,-7.1
213,8,0.9,-3.9
214,8,0.6,-4.1
215,8,1.4,-1.9
216,8,3.2,-0.1
217,8,7.1,1.1
218,8,3.5,1.1
219,8,6.4,2.8
220,8,8.1,2.7
221,8,10.8,1.5
222,8,10.7,3.7
223,8,13.7,5.5
224,8,15,6.5
225,8,15.3,7.3
226,8,10.3,5.5
227,8,8.6,3
228,9,4.6,0.2
229,9,6.2,1.4
230,9,10,2.3
231,9,11.6,6.4
232,9,6.2,4.9
233,9,7.1,5
234,9,9,3
235,9,6.6,1.1
236,9,3.4,1
237,9,6.6,2.3
238,9,3,-7.1
239,9,-3.4,-7.1
240,9,-2.6,-7.1
241,9,0.9,-3.9
242,9,0.6,-4.1
243,9,1.4,-1.9
244,9,3.2,-0.1
245,9,7.1,1.1
246,9,3.5,1.1
247,9,6.4,2.8
248,9,8.1,2.7
249,9,10.8,1.5
250,9,10.7,3.7
251,9,13.7,5.5
252,9,15,6.5
253,9,15.3,7.3
254,9,10.3,5.5
255,9,8.6,3
256,10,4.6,0.2
257,10,6.2,1.4
258,10,10,2.3
259,10,11.6,6.4
260,10,6.2,4.9
261,10,7.1,5
262,10,9,3
263,10,6.6,1.1
264,10,3.4,1
265,10,6.6,2.3
266,10,3,-7.1
267,10,-3.4,-7.1
268,10,-2.6,-7.1
269,10,0.9,-3.9
270,10,0.6,-4.1
271,10,1.4,-1.9
272,10,3.2,-0.1
273,10,7.1,1.1
274,10,3.5,1.1
275,10,6.4,2.8
276,10,8.1,2.7
277,10,10.8,1.5
278,10,10.7,3.7
279,10,13.7,5.5
280,10,15,6.5
281,10,15.3,7.3
282,10,10.3,5.5
283,10,8.6,3
284,11,4.6,0.2
285,11,6.2,1.4
286,11,10,2.3
287,11,11.6,6.4
288,11,6.2,4.9
289,11,7.1,5
290,11,9,3
291,11,6.6,1.1
292,11,3.4,1
293,11,6.6,2.3
294,11,3,-7.1
295,11,-3.4,-7.1
296,11,-2.6,-7.1
297,11,0.9,-3.9
298,11,0.6,-4.1
299,11,1.4,-1.9
300,11,3.2,-0.1
301,11,7.1,1.1
302,11,3.5,1.1
303,11,6.4,2.8
304,11,8.1,2.7
305,11,10.8,1.5
306,11,10.7,3.7
307,11,13.7,5.5
308,11,15,6.5
309,11,15.3,7.3
310,11,10.3,5.5
311,11,8.6,3
